{
  "id": "b1d750bd-e064-4988-8f6a-b9761d9bd08d",
  "generation": 2,
  "iteration": 6,
  "timestamp": 1773973303.6324818,
  "parent_id": "e3b453bb-f2c6-4b47-a722-a407d2ce36bb",
  "metrics": {
    "combined_score": 0.999977300001774,
    "correctness": 1.0,
    "speed_score": 0.999954600003548,
    "runtime": 0.0001,
    "tests_passed": 12,
    "total_tests": 12
  },
  "language": "python",
  "saved_at": 1773973571.5529625
}